Job Title,Certification
Admin Big Data,Cloudera Certified Professional (CCP)
Admin Big Data,Hortonworks Certified Associate (HCA)
Admin Big Data,AWS Certified Big Data â Specialty
Ansible Operations Engineer,Red Hat Certified Specialist in Ansible Automation
Ansible Operations Engineer,AWS Certified DevOps Engineer â Professional
Artifactory Administrator,JFrog Artifactory Certification
Artifactory Administrator,DevOps Institute Certifications
Artificial Intelligence / Machine Learning Leader,AI-900: Microsoft Azure AI Fundamentals
Artificial Intelligence / Machine Learning Leader,Certified Artificial Intelligence Practitioner (CAIP)
Artificial Intelligence / Machine Learning Sr.Leader,Certified Artificial Intelligence Practitioner (CAIP)
Artificial Intelligence / Machine Learning Sr.Leader,AI-900: Microsoft Azure AI Fundamentals
Artificial intelligence Architect,Google Cloud Professional Machine Learning Engineer
Artificial intelligence Architect,AWS Certified Solutions Architect â Professional
Artificial Intelligence Researcher,Certified Data Scientist (CDS)
Artificial Intelligence Researcher,IEEE Certified Artificial Intelligence Engineer
Big Data Architect,Cloudera Certified Data Architect
Big Data Architect,AWS Certified Solutions Architect â Associate
Big Data Engineer,Google Cloud Professional Data Engineer
Big Data Engineer,AWS Certified Big Data â Specialty
Big Data Specialist,Certified Big Data Analytics (CBDA)
Big Data Specialist,IBM Certified Data Engineer - Big Data
Build and Release Engineer,Certified Jenkins Engineer
Build and Release Engineer,AWS Certified DevOps Engineer â Professional
Build Engineer,AWS Certified Developer â Associate
Build Engineer,Jenkins Certification
Chef Operations Engineer,Chef Certification
Chef Operations Engineer,AWS Certified DevOps Engineer â Professional
Data Analysts,Microsoft Certified: Data Analyst Associate
Data Analysts,Tableau Desktop Specialist
Data Architect,IBM Certified Data Architect - Big Data
Data Architect,Google Cloud Professional Data Architect
DevOps Architect,AWS Certified Solutions Architect â Professional
DevOps Architect,Google Cloud Professional DevOps Engineer
DevOps Engineer,AWS Certified DevOps Engineer â Professional
DevOps Engineer,Docker Certified Associate
ELK Engineer,Elastic Certified Engineer
ELK Engineer,Elastic Stack Certification
Gerrit Administrator,Gerrit Code Review Certification (if available)
Jenkins Engineer,Certified Jenkins Engineer
Jenkins Engineer,AWS Certified DevOps Engineer â Professional
Jira Administrator,Atlassian Jira Administration Certification
Jira Administrator,AgilePM Certification
Kubernetes Operations Engineer,Certified Kubernetes Administrator (CKA)
Kubernetes Operations Engineer,CNCF Kubernetes Security Specialist (CKS)
Machine learning Architect,Google Cloud Professional Machine Learning Engineer
Machine learning Architect,AWS Certified Machine Learning â Specialty
Machine Learning Engineer,Microsoft Certified: Azure Data Scientist Associate
Machine Learning Engineer,TensorFlow Developer Certificate
Operations Engineer,ITIL Foundation Certification
Operations Engineer,CompTIA IT Fundamentals+
Principle Engineer in Artificial Intelligence,AI-900: Microsoft Azure AI Fundamentals
Principle Engineer in Artificial Intelligence,Certified Artificial Intelligence Practitioner (CAIP)
Principle Engineer in Big Data,Cloudera Certified Professional (CCP)
Principle Engineer in Big Data,Google Cloud Professional Data Engineer
Principle Engineer in Data Analysis,Certified Analytics Professional (CAP)
Principle Engineer in Data Analysis,Microsoft Certified: Data Analyst Associate
Principle Engineer in Machine Learning,Google Cloud Professional Machine Learning Engineer
Principle Engineer in Machine Learning,AWS Certified Machine Learning â Specialty
Production Support Engineer,ITIL Foundation Certification
Production Support Engineer,CompTIA A+
Puppet Operations Engineer,Puppet Certification
Puppet Operations Engineer,AWS Certified DevOps Engineer â Professional
Senior Build and Release Engineer,Certified Jenkins Engineer
Senior Build and Release Engineer,AWS Certified DevOps Engineer â Professional
Senior Build Engineer,Jenkins Certification
Senior Build Engineer,AWS Certified Developer â Associate
Senior DevOps Engineer,AWS Certified DevOps Engineer â Professional
Senior DevOps Engineer,Docker Certified Associate
Site Reliability Engineer (Kubernetes â Docker),Certified Kubernetes Administrator (CKA)
Site Reliability Engineer (Kubernetes â Docker),Docker Certified Associate
Splunk Engineer,Splunk Core Certified Power User
Splunk Engineer,Splunk Enterprise Security Admin
.NET Developer,Microsoft Certified: .NET Developer
.NET Developer,MCP: Programming in C#
ACCESSIBILITY SPECIALIST,IAAP CPACC
ACCESSIBILITY SPECIALIST,W3C Web Accessibility Specialist
AGILE PROJECT MANAGER,Project Management Professional (PMP)
AGILE PROJECT MANAGER,Certified ScrumMaster (CSM)
Android Developer,Associate Android Developer
Android Developer,Google Play Store Certification
Ansible Automation Engineer,Red Hat Ansible Automation Certification
Ansible Automation Engineer,AWS Certified DevOps Engineer - Professional
AppDynamics Engineer,AppDynamics Certification
AppDynamics Engineer,Cisco Application Centric Infrastructure (ACI)
Application Security Engineer,Certified Information Systems Security Professional (CISSP)
Application Security Engineer,Certified Ethical Hacker (CEH)
Artifactory Engineer,JFrog Artifactory Certification
Artifactory Engineer,DevOps Institute Certifications
AWS DevOps Engineer,AWS Certified DevOps Engineer - Professional
AWS DevOps Engineer,Docker Certified Associate
AWS Solutions Architect,AWS Certified Solutions Architect - Associate
AWS Solutions Architect,AWS Certified Solutions Architect - Professional
Azure DevOps Engineer,Microsoft Certified: Azure DevOps Solutions Expert
Azure DevOps Engineer,Azure Fundamentals
Bamboo Engineer,Atlassian Bamboo Certification
Bamboo Engineer,CI/CD Certifications
Bitbucket Engineer,Atlassian Bitbucket Certification
Bitbucket Engineer,GitHub Proficiency Certifications
Blockchain Developer,Certified Blockchain Developer
Blockchain Developer,Ethereum Developer Certification
BUSINESS SYSTEMS ANALYST,CBAP - Certified Business Analysis Professional
BUSINESS SYSTEMS ANALYST,PMI-PBA - PMI Professional in Business Analysis
C# Developer,Microsoft Certified: C# Programmer
C# Developer,.NET Framework Certification
Chef InSpec Engineer,Chef InSpec Certification
Chef InSpec Engineer,HashiCorp Terraform Associate
Cloud administrator,CompTIA Cloud+
Cloud administrator,Cloud Security Alliance CCSK
CLOUD ARCHITECT,Google Cloud Professional Cloud Architect
CLOUD ARCHITECT,AWS Certified Solutions Architect
Cloud automation engineer,HashiCorp Terraform Associate
Cloud automation engineer,Azure Automation Certifications
Cloud engineer,Google Cloud Associate Cloud Engineering
Cloud engineer,CompTIA Cloud+
Cloud network engineer,Cisco CCNA Cloud
Cloud network engineer,Cisco CCNP Cloud
Cloud Security Engineer,Certified Cloud Security Professional (CCSP)
Cloud Security Engineer,CompTIA Security+
CNC Programmer,CNC Programming Certificate
CNC Programmer,Mastercam Certification
Coder,CompTIA IT Fundamentals+
Coder,Coding Bootcamp Certificates
COMPUTER GRAPHICS ANIMATOR,Adobe Creative Suite Certifications
COMPUTER GRAPHICS ANIMATOR,Maya Certifications
Computer Hardware Engineer,CompTIA A+
Computer Hardware Engineer,Cisco CCNA
Computer Network Architect,Cisco CCNP Network Design
Computer Network Architect,Cisco CCIE Routing and Switching
Computer Programmer,Oracle Java Programmer Certification
Computer Programmer,Microsoft Technology Associate (MTA)
Computer Research Scientist,Certified Data Scientist (CDS)
Computer Research Scientist,IEEE Certified Artificial Intelligence Engineer
Computer Systems Analyst,Certified Business Analysis Professional (CBAP)
Computer Systems Analyst,ITIL Foundation Certification
Confluence Engineer,Atlassian Confluence Certification
Confluence Engineer,AgilePM Certification
Consul Engineer,HashiCorp Certified: Consul Associate
Consul Engineer,Cloud Security Alliance CCSK
Coverage.py Engineer,Python Institute Certifications
Coverage.py Engineer,Certified Software Development Professional (CSDP)
DATA ANALYST,Microsoft Certified: Data Analyst Associate
DATA ANALYST,Google Data Analytics Professional Certificate
Data Engineer,Google Cloud Professional Data Engineer
Data Engineer,AWS Certified Big Data â Specialty
DATA MODELER,IBM Certified Data Modeler
DATA MODELER,Data Management Association (DAMA) CDMP
DATA SCIENTIST,Certified Analytics Professional (CAP)
DATA SCIENTIST,Microsoft Certified: Azure Data Scientist Associate
Database Administrator,Oracle Database SQL Certified Associate
Database Administrator,Microsoft Certified: Azure Database Administrator Associate
Datadog Engineer,Datadog Monitoring Certification
Datadog Engineer,AWS Certified DevOps Engineer â Professional
Developer,CompTIA IT Fundamentals+
Developer,.NET Developer Certification
DevOps Architect,AWS Certified Solutions Architect â Professional
DevOps Architect,Google Cloud Professional DevOps Engineer
DevOps Engineer,AWS Certified DevOps Engineer â Professional
DevOps Engineer,Docker Certified Associate
DEVOPS MANAGER,Project Management Professional (PMP)
DEVOPS MANAGER,Certified ScrumMaster (CSM)
DevSecOps Architect,Certified Information Systems Security Professional (CISSP)
DevSecOps Architect,DevSecOps Foundation Certification
DevSecOps Engineer,Certified DevSecOps Practitioner
DevSecOps Engineer,AWS Certified Security â Specialty
Director of Engineering,Project Management Professional (PMP)
Director of Engineering,Executive Leadership Programs
Docker Engineer,Docker Certified Associate
Docker Engineer,AWS Certified Solutions Architect
ELK Engineer,Elastic Certified Engineer
ELK Engineer,Elastic Stack Certification
Embedded Software Engineer,Certified Embedded Systems Engineer (CESE)
Embedded Software Engineer,Embedded C Programming Certification
Entry Level Developer,CompTIA IT Fundamentals+
Entry Level Developer,Coding Bootcamp Certificates
Entry Level Network Engineer,Cisco CCNA Routing and Switching
Entry Level Network Engineer,CompTIA Network+
Entry Level Programmer,CompTIA IT Fundamentals+
Entry Level Programmer,Coding Bootcamp Certificates
Entry Level Software Developer,CompTIA IT Fundamentals+
Entry Level Software Developer,Coding Bootcamp Certificates
Entry Level Software Engineer,CompTIA IT Fundamentals+
Entry Level Software Engineer,Coding Bootcamp Certificates
Entry Level Web Developer,HTML/CSS/JavaScript Certifications
Entry Level Web Developer,Coding Bootcamp Certificates
Envoy Engineer,Service Mesh Certifications
Envoy Engineer,Cloud Native Computing Foundation Certifications
Falco Engineer,Cloud Native Security Certifications
Falco Engineer,Kubernetes Security Specialist Certification
FluentD Engineer,FluentD Certification (if available)
FluentD Engineer,Cloud Native Computing Foundation Certifications
Fortify Engineer,Fortify Software Security Center Certification
Fortify Engineer,Certified Ethical Hacker (CEH)
FRAMEWORKS SPECIALIST,Framework-Specific Certifications (e.g.
FRAMEWORKS SPECIALIST,React
FRAMEWORKS SPECIALIST,Angular)
FRAMEWORKS SPECIALIST,Agile Methodologies Certifications
Front End Developer,JavaScript Developer Certificate
Front End Developer,Front-End Web Developer Nanodegree
Front End Web Developer,JavaScript Developer Certificate
Front End Web Developer,Front-End Web Developer Nanodegree
Full Stack Developer,Full Stack Web Development Bootcamp
Full Stack Developer,JavaScript Developer Certificate
Full Stack JAVA Developer/Programmer/Engineer,Oracle Java Programmer Certification
Full Stack JAVA Developer/Programmer/Engineer,Spring Framework Certification
Full Stack Python Developer/Programmer/Engineer,Python Institute Certifications
Full Stack Python Developer/Programmer/Engineer,Django for Everybody Specialization
Game Developer,Unity Certified Developer
Game Developer,Game Design and Development Specialization
GCP DevOps Engineer,Google Cloud Professional DevOps Engineer
GCP DevOps Engineer,Google Cloud Associate Cloud Engineer
Gerrit Engineer,Gerrit Code Review Certification (if available)
Gerrit Engineer,GitHub Proficiency Certifications
Git Engineer,GitHub Proficiency Certifications
Git Engineer,GitLab Certifications
Github Engineer,GitHub Proficiency Certifications
Github Engineer,GitLab Certifications
GitLab Engineer,GitLab Certified Associate
GitLab Engineer,GitLab CI/CD Certification
Gradle Engineer,Gradle Certification
Gradle Engineer,Java Developer Certification
Grafana Engineer,Grafana Certified Associate
Grafana Engineer,Monitoring and Observability Certifications
Groovy Engineer,Groovy Certification
Groovy Engineer,Java Developer Certification
INFORMATION ARCHITECT,Certified Information Architect (CIA)
INFORMATION ARCHITECT,User Experience Professional Certification
Information Security Analyst,Certified Information Systems Security Professional (CISSP)
Information Security Analyst,Certified Ethical Hacker (CEH)
INTERACTION DESIGNER,Interaction Design Foundation Certifications
INTERACTION DESIGNER,Certified Usability Analyst (CUA)
IOS Developer,Apple Certified iOS Developer
IOS Developer,iOS App Development Bootcamp
Istio Engineer,Istio Certification (if available)
Istio Engineer,Cloud Native Computing Foundation Certifications
IT Manager,Project Management Professional (PMP)
IT Manager,ITIL Foundation Certification
JaCoCO Engineer,Java Developer Certification
JaCoCO Engineer,JUnit Certification
Java Developer,Oracle Certified Professional
Java Developer,Java SE Programmer
Java Developer,Spring Framework Certification
JavaScript Developer,JavaScript Developer Certificate
JavaScript Developer,Certified JavaScript Developer
Jenkins Engineer,Certified Jenkins Engineer
Jenkins Engineer,AWS Certified DevOps Engineer â Professional
JIRA Engineer,Atlassian Jira Administration Certification
JIRA Engineer,AgilePM Certification
Jr Developer,CompTIA IT Fundamentals+
Jr Developer,Coding Bootcamp Certificates
Junior Developer,CompTIA IT Fundamentals+
Junior Developer,Coding Bootcamp Certificates
Junior Front End Developer,HTML/CSS/JavaScript Certifications
Junior Front End Developer,Front-End Web Development Bootcamp
Junior IOS Developer,Apple Certified iOS Developer
Junior IOS Developer,iOS App Development Bootcamp
Junior Software Developer,CompTIA IT Fundamentals+
Junior Software Developer,Coding Bootcamp Certificates
Junior Software Engineer,CompTIA IT Fundamentals+
Junior Software Engineer,Coding Bootcamp Certificates
Junior Web Developer,HTML/CSS/JavaScript Certifications
Junior Web Developer,Front-End Web Development Bootcamp
JUnit Engineer,JUnit Certification
JUnit Engineer,Java Developer Certification
kubernetes Administrator,Certified Kubernetes Administrator (CKA)/Certified Kubernetes Security Specialist (CKS)/AWS Certified Kubernetes Specialist /Red Hat Certified Specialist in OpenShift
Kubernetes Engineer,Certified Kubernetes Administrator (CKA)
Kubernetes Engineer,Docker Certified Associate
Machine Learning Engineer,Microsoft Certified: Azure Data Scientist Associate
Machine Learning Engineer,TensorFlow Developer Certificate
MAVEN Engineer,Maven Certification
MAVEN Engineer,Java Developer Certification
Micro services / API Lead Designer,AWS Certified Solutions Architect/Google Professional Cloud Architect
Micro services / API Lead Designer,Microsoft Certified-Azure Solutions Architect Expert/API Design & Management certifications
MOBILE APP DEVELOPER,Google Associate Android Developer
MOBILE APP DEVELOPER,Apple Certified iOS Developer
Mobile Application Developer,Google Associate Android Developer
Mobile Application Developer,Apple Certified iOS Developer
Mulesoft Developer,MuleSoft Certified Developer
Mulesoft Developer,MuleSoft Certified Architect
Nagios Engineer,Nagios Core Administration Certification
Nagios Engineer,Linux Administration Certifications
Network and Systems Administrator,CompTIA Network+
Network and Systems Administrator,Cisco CCNA
Network Engineer,Cisco CCNA
Network Engineer,CompTIA Network+
New Grad Software Engineer,CompTIA IT Fundamentals+
New Grad Software Engineer,Coding Bootcamp Certificates
New Relic Engineer,New Relic Monitoring and Observability Certifications
New Relic Engineer,AWS Certified DevOps Engineer â Professional
Nexus Engineer,Nexus Repository Manager Certification
Nexus Engineer,DevOps Institute Certifications
Nomad Engineer,HashiCorp Certified: Nomad Associate
Nomad Engineer,Cloud Native Computing Foundation Certifications
Notary Engineer,Notary Security Certifications
Notary Engineer,Docker Security Certifications
Octopus Deploy Engineer,Octopus Deploy Certification
Octopus Deploy Engineer,CI/CD Certifications
OpenShift Engineer,Red Hat OpenShift Administration Certification
OpenShift Engineer,Kubernetes Administrator Certification
OpenStack Engineer,OpenStack Administrator Certification
OpenStack Engineer,Cloud Infrastructure Certifications
Oracle Developer,Oracle Certified Professional
Oracle Developer,Java SE Programmer
Oracle Developer,Oracle Database SQL Certified Associate
Oracle SQL Developer,Oracle SQL Certified Associate
Oracle SQL Developer,Oracle Database SQL Expert
Packer Engineer,HashiCorp Certified: Packer Associate
Packer Engineer,Infrastructure as Code Certifications
PHP Developer,Zend Certified PHP Engineer
PHP Developer,PHP Framework Certifications
Powershell Engineer,Microsoft Certified: Azure Administrator Associate
Powershell Engineer,Windows PowerShell Training
PRODUCT MANAGER,Certified Scrum Product Owner (CSPO)
PRODUCT MANAGER,Product Management Professional (PMP)
Programmer,CompTIA IT Fundamentals+
Programmer,Microsoft Certified: Azure Fundamentals
Programmer,Oracle Certified Associate (OCA) in Java/Python
Programmer,AWS Certified Developer - Associate
Programmer Analyst,CompTIA IT Fundamentals+
Programmer Analyst,Microsoft Certified: Azure Fundamentals
Programmer Analyst,Oracle Certified Associate (OCA) in Java/Python
Programmer Analyst,AWS Certified Developer - Associate
Prometheus Engineer,Certified Kubernetes Administrator (CKA)
Prometheus Engineer,Grafana Cloud Monitoring Certification
Prometheus Engineer,Prometheus Certified Associate (PCA)
Puppet Engineer,Puppet Certified Professional
Puppet Engineer,Red Hat Certified Specialist in Configuration Management
Puppet Engineer,AWS Certified DevOps Engineer
PyTest Engineer,ISTQB Certified Tester
PyTest Engineer,Certified Python Developer (PCAP
PyTest Engineer,PCPP)
PyTest Engineer,Selenium WebDriver with Python Certification
Python Developer,Microsoft Certified: Python Programming
Python Developer,Google Professional Data Engineer
Python Developer,AWS Certified Developer - Associate
Python Developer,PCAP (Certified Associate in Python Programming)
QA Engineer,ISTQB Foundation Level
QA Engineer,Certified Software Quality Analyst (CSQA)
QA Engineer,Certified Software Test Engineer (CSTE)
React Developer,Meta Front-End Developer Certificate
React Developer,React Nanodegree (Udacity)
React Developer,AWS Certified Developer - Associate
Robotics Engineer,Certified LabVIEW Developer (CLD)
Robotics Engineer,ROS (Robot Operating System) Certification
Robotics Engineer,Siemens Mechatronic Systems Certification
RUBY ON RAILS DEVELOPER,Ruby Association Certified Ruby Programmer
RUBY ON RAILS DEVELOPER,AWS Certified Developer - Associate
Salesforce Developer,Salesforce Certified Platform Developer I & II
Salesforce Developer,Salesforce Certified Administrator
Search Engine Optimization,Google Analytics Certification
Search Engine Optimization,HubSpot Content Marketing Certification
Search Engine Optimization,SEMrush SEO Fundamentals Certification
SECURITY SPECIALIST,Certified Ethical Hacker (CEH)
SECURITY SPECIALIST,CISSP (Certified Information Systems Security Professional)
SECURITY SPECIALIST,CompTIA Security+
SECURITY SPECIALIST,OSCP (Offensive Security Certified Professional)
Selenium Engineer,ISTQB Advanced Test Automation Engineer
Selenium Engineer,Certified Selenium Professional
Selenium Engineer,Test Automation Engineer (TAE) Certification
Senior Ansible Development Engineer,Red Hat Certified Specialist in Ansible Automation
Senior Ansible Development Engineer,AWS Certified DevOps Engineer - Professional
Senior Cloud Architect,AWS Certified Solutions Architect - Professional
Senior Cloud Architect,Google Professional Cloud Architect
Senior Cloud Architect,Microsoft Certified: Azure Solutions Architect Expert
Senior DevOps Architect,AWS Certified DevOps Engineer - Professional
Senior DevOps Architect,Google Professional Cloud DevOps Engineer
Senior DevOps Architect,Certified Kubernetes Administrator (CKA)
Senior DevOps Engineer,AWS Certified DevOps Engineer â Professional
Senior DevOps Engineer,Docker Certified Associate
Senior DevSecOps Architect,Certified DevSecOps Professional (CDP)
Senior DevSecOps Architect,AWS Certified Security - Specialty
Senior DevSecOps Architect,Certified Kubernetes Security Specialist (CKS)
Senior SRE Architect,Google Professional Cloud DevOps Engineer
Senior SRE Architect,Certified Kubernetes Administrator (CKA)
Senior SRE Architect,AWS Certified Solutions Architect - Professional
Senior SRE Engineer,Google Professional Cloud DevOps Engineer
Senior SRE Engineer,Certified Kubernetes Administrator (CKA)
Senior SRE Engineer,AWS Certified Solutions Architect - Professional
Sharepoint Developer,Microsoft Certified: SharePoint Developer
Sharepoint Developer,Microsoft 365 Certified: Developer Associate
Software Developer,Microsoft Certified: Azure Developer Associate
Software Developer,AWS Certified Developer - Associate
Software Developer,Oracle Certified Professional Java SE Developer
Software Engineer,Microsoft Certified: Azure Developer Associate
Software Engineer,AWS Certified Developer - Associate
Software Engineer,Oracle Certified Professional Java SE Developer
SonarQube Engineer,Certified Secure Software Lifecycle Professional (CSSLP)
SonarQube Engineer,OWASP Top 10 Security Testing Certifications
Splunk Engineer,Splunk Core Certified Power User
Splunk Engineer,Splunk Enterprise Security Admin
Splunk Enterprise Security Engineer,Splunk Core Certified User
Splunk Enterprise Security Engineer,Splunk Core Certified Power User
Splunk Enterprise Security Engineer,Splunk Enterprise Security Certified Admin
SQL Developer,Microsoft Certified: Azure Data Engineer Associate
SQL Developer,Oracle Database SQL Certified Associate
SRE Architect,Google Professional Cloud DevOps Engineer
SRE Architect,Certified Kubernetes Administrator (CKA)
SRE Architect,AWS Certified Solutions Architect - Professional
SRE Engineer,Google Professional Cloud DevOps Engineer
SRE Engineer,Certified Kubernetes Administrator (CKA)
SRE Engineer,AWS Certified Solutions Architect - Professional
SYSTEMS ADMINISTRATOR,CompTIA Linux+
SYSTEMS ADMINISTRATOR,Red Hat Certified System Administrator (RHCSA)
SYSTEMS ADMINISTRATOR,Microsoft Certified: Windows Server Hybrid Administrator Associate
SYSTEMS ENGINEER,CompTIA Server+
SYSTEMS ENGINEER,Microsoft Certified: Azure Solutions Architect Expert
SYSTEMS ENGINEER,Red Hat Certified Engineer (RHCE)
TeamCity Engineer,JetBrains TeamCity Certification (if available)
TeamCity Engineer,AWS Certified DevOps Engineer - Professional
Tech Sales Engineer,AWS Certified Cloud Practitioner
Tech Sales Engineer,Google Cloud Digital Leader
Tech Sales Engineer,Microsoft Certified: Azure Fundamentals
TECHNICAL ACCOUNT MANAGER,AWS Certified Solutions Architect - Associate
TECHNICAL ACCOUNT MANAGER,Google Professional Cloud Architect
TECHNICAL ACCOUNT MANAGER,Microsoft Certified: Azure Administrator Associate
TECHNICAL LEAD,AWS Certified Solutions Architect - Professional
TECHNICAL LEAD,Microsoft Certified: Azure Solutions Architect Expert
TECHNICAL LEAD,Google Professional Cloud Architect
Terraform Engineer,HashiCorp Certified: Terraform Associate
Terraform Engineer,AWS Certified DevOps Engineer - Professional
TFS Engineer,Microsoft Certified: DevOps Engineer Expert
TFS Engineer,Azure DevOps Solutions Certification
UDeploy Engineer,IBM UrbanCode Deploy Certification
UDeploy Engineer,AWS Certified DevOps Engineer - Professional
UI DESIGNER,Google UX Design Professional Certificate
UI DESIGNER,Nielsen Norman Group UX Certification
UI DESIGNER,Adobe Certified Expert (ACE)
UI Developer,Meta Front-End Developer Certificate
UI Developer,AWS Certified Developer - Associate
UI Developer,React Nanodegree (Udacity)
Unity Developer,Unity Certified Associate: Game Developer
Unity Developer,Unity Certified Expert Programmer
UX DESIGNER,Google UX Design Professional Certificate
UX DESIGNER,Nielsen Norman Group UX Certification
UX DESIGNER,Adobe Certified Expert (ACE)
Vault Engineer,HashiCorp Certified: Vault Associate
Vault Engineer,AWS Certified Security - Specialty
Web Designer (UI/UX Designer),Google UX Design Certificate
Web Designer (UI/UX Designer),Adobe Certified Expert (ACE)
Web Designer (UI/UX Designer),Nielsen Norman Group UX Certification
Web Developer,Meta Front-End Developer Certificate
Web Developer,AWS Certified Developer - Associate
Web Developer,Google Mobile Web Specialist
WordPress Developer,Yoast SEO Certification
WordPress Developer,Google Mobile Sites Certification
WordPress Developer,WP Elevation Certification
XL Deploy Engineer,XL Deploy Certification
XL Deploy Engineer,DevOps Institute Certifications
Zabbix Engineer,Zabbix Certified Specialist
Zabbix Engineer,Zabbix Certified Professional
ACCESSIBILITY SPECIALIST,IAAP Certified Professional in Accessibility Core Competencies (CPACC)
ACCESSIBILITY SPECIALIST,Web Accessibility Specialist (WAS)
ADMIN BIG DATA,Cloudera Certified Administrator (CCA)
ADMIN BIG DATA,Google Cloud Professional Data Engineer
AGILE PROJECT MANAGER,PMI Agile Certified Practitioner (PMI-ACP)
AGILE PROJECT MANAGER,Certified Scrum Master (CSM)
AGILE PROJECT MANAGER,SAFe Agilist Certification
ANDROID DEVELOPER,Google Associate Android Developer
ANDROID DEVELOPER,Meta Android Developer Professional Certificate
ANSIBLE AUTOMATION ENGINEER,Red Hat Certified Specialist in Ansible Automation
ANSIBLE AUTOMATION ENGINEER,AWS Certified DevOps Engineer - Professional
APPLICATION SECURITY ENGINEER,Certified Ethical Hacker (CEH)
APPLICATION SECURITY ENGINEER,Certified Information Systems Security Professional (CISSP)
APPLICATION SECURITY ENGINEER,Offensive Security Certified Professional (OSCP)
ARTIFACTORY ADMINISTRATOR,JFrog Certified DevOps Engineer
ARTIFACTORY ADMINISTRATOR,AWS Certified DevOps Engineer - Professional
ARTIFACTORY ENGINEER,JFrog Certified DevOps Engineer
ARTIFACTORY ENGINEER,AWS Certified DevOps Engineer - Professional
ARTIFICIAL INTELLIGENCE / MACHINE LEARNING LEADER,Google TensorFlow Developer Certificate
ARTIFICIAL INTELLIGENCE / MACHINE LEARNING LEADER,Microsoft Certified: Azure AI Engineer Associate
ARTIFICIAL INTELLIGENCE / MACHINE LEARNING LEADER,AWS Certified Machine Learning - Specialty
ARTIFICIAL INTELLIGENCE / MACHINE LEARNING SR.LEADER,Google TensorFlow Developer Certificate
ARTIFICIAL INTELLIGENCE / MACHINE LEARNING SR.LEADER,Microsoft Certified: Azure AI Engineer Associate
ARTIFICIAL INTELLIGENCE / MACHINE LEARNING SR.LEADER,AWS Certified Machine Learning - Specialty
ARTIFICIAL INTELLIGENCE ARCHITECT,Google Professional Machine Learning Engineer
ARTIFICIAL INTELLIGENCE ARCHITECT,Microsoft Certified: Azure AI Engineer Associate
ARTIFICIAL INTELLIGENCE RESEARCHER,IBM AI Engineering Professional Certificate
ARTIFICIAL INTELLIGENCE RESEARCHER,Stanford AI Certificate (Online)
AWS DEVOPS ENGINEER,AWS Certified DevOps Engineer - Professional
AWS DEVOPS ENGINEER,AWS Certified Solutions Architect - Associate
AWS SOLUTIONS ARCHITECT,AWS Certified Solutions Architect - Associate / Professional
AZURE DEVOPS ENGINEER,Microsoft Certified: DevOps Engineer Expert
AZURE DEVOPS ENGINEER,Azure Administrator Associate
BAMBOO ENGINEER,Atlassian Bamboo Certification (if available)
BAMBOO ENGINEER,AWS Certified DevOps Engineer - Professional
BIG DATA ARCHITECT,Google Cloud Professional Data Engineer
BIG DATA ARCHITECT,Cloudera Certified Data Engineer
BIG DATA ARCHITECT,AWS Certified Big Data - Specialty
BIG DATA ENGINEER,Google Cloud Professional Data Engineer
BIG DATA ENGINEER,Cloudera Certified Data Engineer
BIG DATA ENGINEER,AWS Certified Big Data - Specialty
BIG DATA SPECIALIST,Google Cloud Professional Data Engineer
BIG DATA SPECIALIST,Cloudera Certified Data Engineer
BIG DATA SPECIALIST,AWS Certified Big Data - Specialty
BITBUCKET ENGINEER,Atlassian Certified Bitbucket Administrator
BLOCKCHAIN DEVELOPER,Certified Blockchain Developer (CBDE)
BLOCKCHAIN DEVELOPER,Ethereum Developer Certification (Consensys Academy)
BUILD AND RELEASE ENGINEER,AWS Certified DevOps Engineer - Professional
BUILD AND RELEASE ENGINEER,Google Cloud DevOps Engineer
BUILD ENGINEER,AWS Certified DevOps Engineer - Professional
BUILD ENGINEER,Google Cloud DevOps Engineer
BUSINESS SYSTEMS ANALYST,IIBA Certified Business Analysis Professional (CBAP)
BUSINESS SYSTEMS ANALYST,PMI Professional in Business Analysis (PMI-PBA)
C# DEVELOPER,Microsoft Certified: Azure Developer Associate
C# DEVELOPER,MCSD: App Builder (Retired but relevant)
CHEF INSPEC ENGINEER,Chef Certified Developer
CHEF INSPEC ENGINEER,Chef Certified Automation Engineer
CHEF OPERATIONS ENGINEER,Chef Certified Developer
CHEF OPERATIONS ENGINEER,Chef Certified Automation Engineer
CLOUD ADMINISTRATOR,AWS Certified SysOps Administrator
CLOUD ADMINISTRATOR,Microsoft Certified: Azure Administrator Associate
CLOUD ARCHITECT,AWS Certified Solutions Architect - Professional
CLOUD ARCHITECT,Google Professional Cloud Architect
CLOUD AUTOMATION ENGINEER,AWS Certified DevOps Engineer - Professional
CLOUD AUTOMATION ENGINEER,HashiCorp Certified Terraform Associate
CLOUD NETWORK ENGINEER,Google Professional Cloud Network Engineer
CLOUD NETWORK ENGINEER,AWS Certified Advanced Networking - Specialty
CLOUD SECURITY ENGINEER,AWS Certified Security - Specialty
CLOUD SECURITY ENGINEER,Google Professional Cloud Security Engineer
CNC PROGRAMMER,Siemens NX Certification
CNC PROGRAMMER,Autodesk Fusion 360 CAM Certification
CODER,CompTIA IT Fundamentals+
CODER,AWS Certified Developer - Associate
CODER,Microsoft Certified: Azure Fundamentals
COMPUTER GRAPHICS ANIMATOR,Autodesk Maya Certified User
COMPUTER GRAPHICS ANIMATOR,Adobe Certified Expert (ACE)
COMPUTER HARDWARE ENGINEER,CompTIA A+
COMPUTER HARDWARE ENGINEER,Cisco Certified Technician (CCT)
COMPUTER HARDWARE ENGINEER,Microsoft Certified: Windows Server Hybrid Administrator Associate
COMPUTER NETWORK ARCHITECT,Cisco Certified Network Professional (CCNP)
COMPUTER NETWORK ARCHITECT,AWS Certified Advanced Networking - Specialty
COMPUTER NETWORK ARCHITECT,Juniper Networks Certified Expert (JNCIE)
COMPUTER PROGRAMMER,CompTIA IT Fundamentals+
COMPUTER PROGRAMMER,Oracle Certified Associate (OCA) - Java
COMPUTER PROGRAMMER,Microsoft Certified: Azure Developer Associate
COMPUTER RESEARCH SCIENTIST,Google TensorFlow Developer Certificate
COMPUTER RESEARCH SCIENTIST,IBM AI Engineering Professional Certificate
COMPUTER SYSTEMS ANALYST,Certified Information Systems Auditor (CISA)
COMPUTER SYSTEMS ANALYST,PMI Professional in Business Analysis (PMI-PBA)
CONFLUENCE ENGINEER,Atlassian Confluence Administrator Certification
CONSUL ENGINEER,HashiCorp Certified Consul Associate
COVERAGE.PY ENGINEER,No direct certification; recommended: Python Institutes PCPP-32-2 (Advanced Python Programming)
DATA ANALYST,Google Data Analytics Professional Certificate
DATA ANALYST,Microsoft Certified: Power BI Data Analyst Associate
DATA ARCHITECT,Google Professional Data Engineer
DATA ARCHITECT,AWS Certified Data Analytics - Specialty
DATA ENGINEER,Microsoft Certified: Azure Data Engineer Associate
DATA ENGINEER,Databricks Certified Data Engineer
DATA MODELER,DAMA Certified Data Management Professional (CDMP)
DATA MODELER,IBM Certified Data Architect
DATA SCIENTIST,IBM Data Science Professional Certificate
DATA SCIENTIST,AWS Certified Machine Learning - Specialty
DATABASE ADMINISTRATOR,Oracle Certified Professional (OCP) Database Administrator
DATABASE ADMINISTRATOR,Microsoft Certified: Azure Database Administrator Associate
DATADOG ENGINEER,Datadog Fundamentals Certification
DEVOPS ARCHITECT,AWS Certified DevOps Engineer - Professional
DEVOPS ARCHITECT,Google Cloud DevOps Engineer
DEVOPS ENGINEER,HashiCorp Certified Terraform Associate
DEVOPS ENGINEER,Kubernetes Certified Administrator (CKA)
DEVOPS ENGINEER,AWS Certified DevOps Engineer
DEVOPS MANAGER,SAFe DevOps Practitioner (SDP)
DEVOPS MANAGER,AWS Certified DevOps Engineer - Professional
DEVSECOPS ARCHITECT,Certified DevSecOps Professional (CDP)
DEVSECOPS ARCHITECT,AWS Certified Security - Specialty
DEVSECOPS ENGINEER,Certified Kubernetes Security Specialist (CKS)
DEVSECOPS ENGINEER,GIAC Cloud Security Automation (GCSA)
DIRECTOR OF ENGINEERING,Certified Agile Leadership (CAL)
DIRECTOR OF ENGINEERING,PMI Agile Certified Practitioner (PMI-ACP)
DOCKER ENGINEER,Docker Certified Associate
DOCKER ENGINEER,Kubernetes Certified Administrator (CKA)
ELK ENGINEER,Elastic Certified Engineer
EMBEDDED SOFTWARE ENGINEER,Arm Accredited Engineer (AAE)
EMBEDDED SOFTWARE ENGINEER,IEEE Certified Embedded Systems Engineer
ENTRY LEVEL DEVELOPER,CompTIA IT Fundamentals+
ENTRY LEVEL DEVELOPER,Microsoft Technology Associate (MTA): Software Development Fundamentals
ENTRY LEVEL NETWORK ENGINEER,Cisco Certified Network Associate (CCNA)
ENTRY LEVEL NETWORK ENGINEER,Juniper Networks Certified Associate (JNCIA)
ENTRY LEVEL PROGRAMMER,Google IT Automation with Python
ENTRY LEVEL PROGRAMMER,Microsoft Certified: Azure Fundamentals
ENTRY LEVEL WEB DEVELOPER,Meta Front-End Developer Certificate
ENTRY LEVEL WEB DEVELOPER,Google Mobile Web Specialist
ENVOY ENGINEER,Kubernetes and Cloud-Native Associate (KCNA)
ENVOY ENGINEER,Linux Foundation Certified Kubernetes Security Specialist (CKS)
FALCO ENGINEER,No direct certification; recommended: Certified Kubernetes Security Specialist (CKS)
FALCO ENGINEER,GIAC Cloud Security Automation (GCSA)
FLUENTD ENGINEER,No direct certification; recommended: Kubernetes and Cloud-Native Associate (KCNA)
FORTIFY ENGINEER,Fortify Security Software Certification
FORTIFY ENGINEER,Certified Secure Software Lifecycle Professional (CSSLP)
FRAMEWORKS SPECIALIST,Varies based on framework; recommended: AWS Certified Developer
FRAMEWORKS SPECIALIST,Google Cloud Professional Developer
FRONT END DEVELOPER,Meta Front-End Developer Certificate
FRONT END DEVELOPER,Google Mobile Web Specialist
FULL STACK DEVELOPER,AWS Certified Developer - Associate
FULL STACK DEVELOPER,Meta Full Stack Developer Certificate
FULL STACK JAVA DEVELOPER/PROGRAMMER/ENGINEER,Oracle Certified Professional (OCP) - Java SE
FULL STACK JAVA DEVELOPER/PROGRAMMER/ENGINEER,AWS Certified Developer - Associate
FULL STACK PYTHON DEVELOPER/PROGRAMMER/ENGINEER,Python Institute PCEP & PCAP
FULL STACK PYTHON DEVELOPER/PROGRAMMER/ENGINEER,AWS Certified Developer - Associate
GAME DEVELOPER,Unity Certified Programmer
GAME DEVELOPER,Unreal Engine Certified Developer
GCP DEVOPS ENGINEER,Google Cloud Professional DevOps Engineer
GERRIT ADMINISTRATOR,No direct certification; recommended: Google Cloud Professional DevOps Engineer
GIT ENGINEER,GitHub Certified Developer
GIT ENGINEER,GitLab Certified Associate
GITHUB ENGINEER,GitHub Advanced Security Certification
GITHUB ENGINEER,GitHub Actions Professional
GITLAB ENGINEER,GitLab Certified Associate
GITLAB ENGINEER,GitLab Certified DevOps Professional
GRADLE ENGINEER,No direct certification; recommended: Oracle Certified Professional (OCP) - Java
GRADLE ENGINEER,AWS Certified Developer - Associate
GRAFANA ENGINEER,Grafana Cloud Certified Specialist
GROOVY ENGINEER,No direct certification; recommended: Oracle Certified Professional (OCP) - Java
GROOVY ENGINEER,Apache Groovy Developer Certificate
INFORMATION ARCHITECT,TOGAF Certified Enterprise Architect
INFORMATION ARCHITECT,IAAP Certified Professional in Accessibility Core Competencies (CPACC)
INFORMATION SECURITY ANALYST,Certified Information Systems Security Professional (CISSP)
INFORMATION SECURITY ANALYST,Certified Ethical Hacker (CEH)
INFORMATION SECURITY ANALYST,CompTIA Security+
INTERACTION DESIGNER,Nielsen Norman Group UX Certification
INTERACTION DESIGNER,Google UX Design Professional Certificate
IOS DEVELOPER,Apple Certified iOS Developer
IOS DEVELOPER,Meta iOS Developer Certificate
ISTIO ENGINEER,No direct certification; recommended: Kubernetes Certified Administrator (CKA)
ISTIO ENGINEER,Certified Kubernetes Security Specialist (CKS)
IT MANAGER,ITIL 4 Managing Professional
IT MANAGER,Certified Information Technology Manager (CITM)
JACOCO ENGINEER,No direct certification; recommended: ISTQB Certified Tester - Advanced Level
JACOCO ENGINEER,Java Certified Developer
JAVA DEVELOPER,Oracle Certified Professional (OCP) - Java SE
JAVA DEVELOPER,AWS Certified Developer - Associate
JENKINS ENGINEER,Certified Jenkins Engineer (CJE)
JIRA ADMINISTRATOR,Atlassian Certified Jira Administrator
JUNIOR FRONT END DEVELOPER,Google Mobile Web Specialist
JUNIOR FRONT END DEVELOPER,Meta Front-End Developer Certificate
JUNIOR IOS DEVELOPER,Apple Certified iOS Developer
JUNIOR IOS DEVELOPER,Meta iOS Developer Certificate
JUNIT ENGINEER,No direct certification; recommended: Oracle Certified Professional (OCP) - Java
JUNIT ENGINEER,ISTQB Certified Tester
KUBERNETES OPERATIONS ENGINEER,Kubernetes Certified Administrator (CKA)
KUBERNETES OPERATIONS ENGINEER,Certified Kubernetes Security Specialist (CKS)
MACHINE LEARNING ARCHITECT,AWS Certified Machine Learning - Specialty
MACHINE LEARNING ARCHITECT,Google Professional Data Engineer
MACHINE LEARNING ENGINEER,TensorFlow Developer Certificate
MACHINE LEARNING ENGINEER,Microsoft Certified: Azure AI Engineer Associate
MAVEN ENGINEER,No direct certification; recommended: Apache Maven Fundamentals
MAVEN ENGINEER,Oracle Certified Professional - Java
MOBILE APP DEVELOPER,Google Associate Android Developer
MOBILE APP DEVELOPER,Apple Certified iOS Developer
MULESOFT DEVELOPER,MuleSoft Certified Developer - Level 1
NAGIOS ENGINEER,Nagios Certified Administrator
NETWORK AND SYSTEMS ADMINISTRATOR,Cisco Certified Network Associate (CCNA)
NETWORK AND SYSTEMS ADMINISTRATOR,CompTIA Network+
NETWORK ENGINEER,Cisco Certified Network Professional (CCNP)
NETWORK ENGINEER,Juniper Networks Certified Associate (JNCIA)
NEW RELIC ENGINEER,New Relic Performance Monitoring Certification
NEXUS ENGINEER,No direct certification; recommended: Sonatype Nexus Administration Training
NOMAD ENGINEER,HashiCorp Certified: Nomad Associate
NOTARY ENGINEER,No direct certification; recommended: Certified Kubernetes Security Specialist (CKS)
OCTOPUS DEPLOY ENGINEER,No direct certification; recommended: Certified Jenkins Engineer (CJE)
OCTOPUS DEPLOY ENGINEER,CI/CD Pipelines Specialist
OPENSHIFT ENGINEER,Red Hat Certified Specialist in OpenShift Administration
OPENSTACK ENGINEER,Certified OpenStack Administrator (COA)
OPERATIONS ENGINEER,ITIL 4 Foundation
OPERATIONS ENGINEER,AWS Certified SysOps Administrator
ORACLE DEVELOPER,Oracle Certified Professional (OCP) - Java SE
ORACLE DEVELOPER,Oracle Database SQL Certified Associate
ORACLE SQL DEVELOPER,Oracle Database SQL Certified Associate
PACKER ENGINEER,HashiCorp Certified: Packer Associate
PHP DEVELOPER,Zend Certified PHP Engineer
PHP DEVELOPER,AWS Certified Developer - Associate
POWERSHELL ENGINEER,Microsoft Certified: Power Platform Developer Associate
POWERSHELL ENGINEER,Microsoft Certified: Azure Administrator Associate
PRINCIPLE ENGINEER IN ARTIFICIAL INTELLIGENCE,TensorFlow Developer Certificate
PRINCIPLE ENGINEER IN ARTIFICIAL INTELLIGENCE,AWS Certified Machine Learning - Specialty
PRINCIPLE ENGINEER IN ARTIFICIAL INTELLIGENCE,Google Professional Data Engineer
PRINCIPLE ENGINEER IN BIG DATA,Google Professional Data Engineer
PRINCIPLE ENGINEER IN BIG DATA,AWS Certified Big Data - Specialty
PRINCIPLE ENGINEER IN DATA ANALYSIS,Microsoft Certified: Azure Data Scientist Associate
PRINCIPLE ENGINEER IN DATA ANALYSIS,Google Data Analytics Professional Certificate
PRINCIPLE ENGINEER IN MACHINE LEARNING,TensorFlow Developer Certificate
PRINCIPLE ENGINEER IN MACHINE LEARNING,Microsoft Certified: Azure AI Engineer Associate
PRODUCT MANAGER,Certified Scrum Product Owner (CSPO)
PRODUCT MANAGER,PMI Agile Certified Practitioner (PMI-ACP)
PRODUCTION SUPPORT ENGINEER,ITIL 4 Foundation
PRODUCTION SUPPORT ENGINEER,AWS Certified SysOps Administrator
PUPPET OPERATIONS ENGINEER,ITIL 4 Foundation
PUPPET OPERATIONS ENGINEER,AWS Certified SysOps Administrator
SENIOR BUILD AND RELEASE ENGINEER,Puppet Certified Professional
SENIOR BUILD ENGINEER,Certified Jenkins Engineer (CJE)
SENIOR BUILD ENGINEER,AWS Certified DevOps Engineer - Professional
SENIOR DEVOPS ENGINEER,Certified Jenkins Engineer (CJE)
SENIOR DEVOPS ENGINEER,Kubernetes Certified Administrator (CKA)
SITE RELIABILITY ENGINEER (KUBERNETES Ãâ¬Ã¯Â¿Â½ DOCKER),AWS Certified DevOps Engineer - Professional
SITE RELIABILITY ENGINEER (KUBERNETES Ãâ¬Ã¯Â¿Â½ DOCKER),Kubernetes Certified Administrator (CKA)
SPLUNK ENGINEER,Kubernetes Certified Administrator (CKA)
SPLUNK ENGINEER,Docker Certified Associate
XL DEPLOY ENGINEER,Splunk Core Certified User
XL DEPLOY ENGINEER,Splunk Enterprise Certified Admin
ZABBIX ENGINEER,No direct certification; recommended: Kubernetes Certified Administrator (CKA)
ZABBIX ENGINEER,CI/CD Pipelines Specialist
API DEVELOPER,Zabbix Certified Specialist
AUTOMATION SPECIALIST,Google Apigee Certification
AUTOMATION SPECIALIST,AWS Certified Developer - Associate
BUSINESS INTELLIGENCE ANALYST,UiPath Certified Professional
BUSINESS INTELLIGENCE ANALYST,Automation Anywhere Certified Advanced RPA Professional
CLOUD MIGRATION SPECIALIST,Microsoft Certified: Power BI Data Analyst Associate
CLOUD MIGRATION SPECIALIST,Tableau Desktop Specialist
CYBERSECURITY ANALYST,AWS Certified Solutions Architect - Associate
CYBERSECURITY ANALYST,Google Professional Cloud Architect
DATA QUALITY ENGINEER,CompTIA Security+
DATA QUALITY ENGINEER,Certified Information Systems Security Professional (CISSP)
DIGITAL TRANSFORMATION CONSULTANT,Certified Data Management Professional (CDMP)
DIGITAL TRANSFORMATION CONSULTANT,Microsoft Certified: Azure Data Engineer Associate
E-COMMERCE DEVELOPER,TOGAF Certified Enterprise Architect
E-COMMERCE DEVELOPER,PMI Agile Certified Practitioner (PMI-ACP)
EMBEDDED SYSTEMS ENGINEER,Magento Certified Developer
EMBEDDED SYSTEMS ENGINEER,Shopify Partner Academy Certification
ERP CONSULTANT,Arm Certified Embedded Systems Engineer
ERP CONSULTANT,Certified LabVIEW Developer
GEOGRAPHIC INFORMATION SYSTEMS (GIS) ANALYST,SAP Certified Application Associate
GEOGRAPHIC INFORMATION SYSTEMS (GIS) ANALYST,Oracle ERP Cloud Certification
HELP DESK TECHNICIAN,Esri GIS Certification
HELP DESK TECHNICIAN,GISP (Certified GIS Professional)
IDENTITY AND ACCESS MANAGEMENT SPECIALIST,CompTIA A+
IDENTITY AND ACCESS MANAGEMENT SPECIALIST,Microsoft 365 Certified: Modern Desktop Administrator Associate
INFRASTRUCTURE ARCHITECT,Certified Identity and Access Manager (CIAM)
INFRASTRUCTURE ARCHITECT,Okta Certified Professional
INTERNET OF THINGS (IoT) DEVELOPER,AWS Certified Solutions Architect - Professional
INTERNET OF THINGS (IoT) DEVELOPER,Google Professional Cloud Architect
IT AUDITOR,Microsoft Certified: Azure IoT Developer Specialty
IT AUDITOR,AWS Certified IoT Specialty
JAVA ARCHITECT,Certified Information Systems Auditor (CISA)
LINUX ADMINISTRATOR,Oracle Certified Master (OCM) - Java EE Enterprise Architect
MAINFRAME DEVELOPER,Red Hat Certified System Administrator (RHCSA)
MAINFRAME DEVELOPER,Linux Professional Institute Certification (LPIC-1)
MICROSOFT DYNAMICS DEVELOPER,IBM Certified System Administrator - z/OS
MICROSOFT DYNAMICS DEVELOPER,IBM Mainframe Application Developer Certification
MOBILE SECURITY SPECIALIST,Microsoft Certified: Dynamics 365 Developer Associate
NATURAL LANGUAGE PROCESSING ENGINEER,Certified Mobile Device Security Professional (CMDSP)
NATURAL LANGUAGE PROCESSING ENGINEER,GIAC Mobile Device Security Analyst (GMOB)
NETWORK ARCHITECT,TensorFlow Developer Certificate
NETWORK ARCHITECT,DeepLearning.AI NLP Specialization
PENETRATION TESTER,Cisco Certified Internetwork Expert (CCIE)
PENETRATION TESTER,AWS Certified Advanced Networking - Specialty
PYTHON ARCHITECT,Offensive Security Certified Professional (OSCP)
PYTHON ARCHITECT,GIAC Penetration Tester (GPEN)
QUALITY ASSURANCE MANAGER,ISTQB Advanced Level Test Manager
QUALITY ASSURANCE MANAGER,Certified Quality Engineer (CQE)
RELEASE MANAGER,ITIL 4 Foundation
RELEASE MANAGER,Certified Agile Project Manager
SAP CONSULTANT,SAP Certified Application Associate
SAP CONSULTANT,SAP Certified Development Specialist
UX/UI DESIGNER,Nielsen Norman Group UX Certification
UX/UI DESIGNER,Google UX Design Professional Certificate
WEB DEVELOPER,Microsoft Certified: Azure Developer Associate
WEB DEVELOPER,Google Mobile Web Specialist
BACK END DEVELOPER,AWS Certified Developer - Associate
BACK END DEVELOPER,Oracle Certified Java Developer
WEB DESIGNER,Adobe Certified Expert (ACE)
WEB DESIGNER,Google Mobile Web Specialist
WEB ENGINEER,Microsoft Certified: Azure Solutions Architect
WEB ENGINEER,Google Professional Cloud Developer
WEB PRODUCER,Certified Scrum Product Owner (CSPO)
WEB PRODUCER,Agile Certified Practitioner (PMI-ACP)
WEB PROJECT MANAGER,PMP (Project Management Professional)
WEB PROJECT MANAGER,Certified ScrumMaster (CSM)
WEB CONTENT MANAGER,HubSpot Content Marketing Certification
WEB CONTENT MANAGER,Google Analytics Individual Qualification (GAIQ)
MULTIMEDIA ARCHITECT,Adobe Certified Expert (ACE)
MULTIMEDIA ARCHITECT,Unity Certified 3D Artist
WEB ANALYTICS DEVELOPER,Google Analytics Individual Qualification (GAIQ)
WEB ANALYTICS DEVELOPER,Adobe Analytics Business Practitioner
SEO CONSULTANT,Google SEO Fundamentals
SEO CONSULTANT,HubSpot Content Marketing Certification
SEO MANAGER,Google Analytics Individual Qualification (GAIQ)
SEO MANAGER,SEMrush SEO Toolkit Course
INTERNET ENGINEER,Cisco Certified Internetwork Expert (CCIE)
INTERNET ENGINEER,AWS Certified Advanced Networking - Specialty
FRONT-END DESIGNER,Google Mobile Web Specialist
FRONT-END DESIGNER,Microsoft Certified: Power Platform Developer Associate
MOBILE DEVELOPER,Google Associate Android Developer
MOBILE DEVELOPER,Apple Certified iOS Developer
PYTHON DEVELOPER,PCEP (Certified Entry-Level Python Programmer)
PYTHON DEVELOPER,PCAP (Certified Associate in Python Programming)
POWER BI DEVELOPER,Microsoft Certified: Power BI Data Analyst Associate
POWER BI ANALYST,Microsoft Certified: Data Analyst Associate
CLOUD COMPUTING SPECIALIST,AWS Certified Solutions Architect
CLOUD COMPUTING SPECIALIST,Google Professional Cloud Architect
CYBERSECURITY SPECIALIST,CompTIA Security+
CYBERSECURITY SPECIALIST,Certified Information Systems Security Professional (CISSP)
DATA SCIENCE SPECIALIST,Microsoft Certified: Azure Data Scientist Associate
DATA SCIENCE SPECIALIST,Google Data Analytics Professional Certificate
ARTIFICIAL INTELLIGENCE ENGINEER,TensorFlow Developer Certificate
ARTIFICIAL INTELLIGENCE ENGINEER,AWS Certified Machine Learning - Specialty
DATABASE ARCHITECT,Oracle Database SQL Certified Associate
DATABASE ARCHITECT,Microsoft Certified: Azure Database Administrator Associate
SOFTWARE ARCHITECT,AWS Certified Solutions Architect - Professional
SOFTWARE ARCHITECT,TOGAF Certified Enterprise Architect
CYBERSECURITY ENGINEER,Certified Ethical Hacker (CEH)
CYBERSECURITY ENGINEER,GIAC Security Essentials Certification (GSEC)
INFOSEC ANALYST/CYBERSECURITY ANALYST,Certified Information Systems Security Professional (CISSP)
INFOSEC ANALYST/CYBERSECURITY ANALYST,CompTIA Security+
COMPUTER FORENSIC ANALYST,GIAC Certified Forensic Analyst (GCFA)
COMPUTER FORENSIC ANALYST,Certified Computer Examiner (CCE)
IT SECURITY SPECIALIST,Certified Information Security Manager (CISM)
IT SECURITY SPECIALIST,GIAC Security Leadership Certification (GSLC)
SECURITY MANAGER,Certified Information Security Manager (CISM)
SECURITY MANAGER,Certified Information Systems Auditor (CISA)
SECURITY ENGINEER,Offensive Security Certified Professional (OSCP)
SECURITY ENGINEER,Certified Ethical Hacker (CEH)
SECURITY CONSULTANT,Certified Information Systems Security Professional (CISSP)
SECURITY CONSULTANT,Certified Information Security Manager (CISM)
DIRECTOR OF SECURITY,Certified Chief Information Security Officer (CCISO)
DIRECTOR OF SECURITY,CISSP-ISSMP (Information Systems Security Management Professional)
SECURITY ADMINISTRATOR,CompTIA Security+
SECURITY ADMINISTRATOR,Microsoft Certified: Security Operations Analyst Associate
SECURITY SPECIALIST,GIAC Security Essentials Certification (GSEC)
SECURITY SPECIALIST,Certified Cloud Security Professional (CCSP)
CHIEF INFORMATION OFFICER,Certified Information Security Manager (CISM)
CHIEF INFORMATION OFFICER,Certified Chief Information Security Officer (CCISO)
NETWORK SECURITY ENGINEER,Cisco Certified CyberOps Associate
NETWORK SECURITY ENGINEER,Palo Alto Networks Certified Network Security Engineer
MACHINE LEARNING ENGINEER FOR CYBERSECURITY,AWS Certified Machine Learning - Specialty
MACHINE LEARNING ENGINEER FOR CYBERSECURITY,Certified AI Security Specialist (CAISS)
NETWORK ANALYST,Cisco Certified Network Associate (CCNA)
NETWORK ANALYST,CompTIA Network+
NETWORK OPERATIONS ENGINEER,Cisco Certified Network Professional (CCNP)
NETWORK OPERATIONS ENGINEER,Juniper Networks Certified Associate (JNCIA)
NETWORK RELIABILITY ENGINEER,Cisco Certified Internetwork Expert (CCIE)
NETWORK RELIABILITY ENGINEER,AWS Certified Advanced Networking - Specialty
NETWORK INFRASTRUCTURE SPECIALIST,Cisco Certified Design Associate (CCDA)
NETWORK INFRASTRUCTURE SPECIALIST,Palo Alto Networks Certified Network Security Administrator
COMPUTER SUPPORT SPECIALIST,CompTIA A+
COMPUTER SUPPORT SPECIALIST,Microsoft Certified: Modern Desktop Administrator Associate
INFORMATION TECHNOLOGY ANALYST,ITIL 4 Foundation
INFORMATION TECHNOLOGY ANALYST,CompTIA IT Fundamentals
TECHNOLOGY SALES CONSULTANT,ITIL 4 Foundation
TECHNOLOGY SALES CONSULTANT,CompTIA IT Fundamentals
DATABASE DEVELOPER,Microsoft Certified: Azure Database Administrator Associate
DATABASE DEVELOPER,Oracle PL/SQL Developer Certified Associate
DATABASE ANALYST,IBM Certified Database Administrator
DATABASE ANALYST,Oracle Database SQL Certified Associate
DATA WAREHOUSE MANAGER,Snowflake SnowPro Core Certification
DATA WAREHOUSE MANAGER,AWS Certified Data Analytics - Specialty
DATA WAREHOUSE PROGRAMMING SPECIALIST,Cloudera Certified Data Analyst
DATA WAREHOUSE PROGRAMMING SPECIALIST,Microsoft Certified: Azure Data Engineer Associate
INTELLIGENCE SPECIALIST,Certified Intelligence Analyst (CIA)
INTELLIGENCE SPECIALIST,GIAC Intelligence Analyst (GCTI)
CLOUD/SOFTWARE ARCHITECT,AWS Certified Solutions Architect - Professional
CLOUD/SOFTWARE ARCHITECT,Google Professional Cloud Architect
CLOUD/SOFTWARE DEVELOPER,AWS Certified Developer - Associate
CLOUD/SOFTWARE DEVELOPER,Microsoft Certified: Azure Developer Associate
CLOUD/SOFTWARE APPLICATIONS ENGINEER,Google Professional Cloud Developer
CLOUD/SOFTWARE APPLICATIONS ENGINEER,AWS Certified DevOps Engineer - Professional
CLOUD SYSTEM ADMINISTRATOR,Microsoft Certified: Azure Administrator Associate
CLOUD SYSTEM ADMINISTRATOR,AWS Certified SysOps Administrator
CLOUD SYSTEM ENGINEER,AWS Certified Advanced Networking - Specialty
CLOUD SYSTEM ENGINEER,Red Hat Certified Specialist in OpenShift Administration
PLATFORM ENGINEER,Terraform Associate Certification
PLATFORM ENGINEER,Kubernetes Certified Application Developer (CKAD)
SOFTWARE QUALITY ASSURANCE ANALYST,ISTQB Foundation Level Certification
SOFTWARE QUALITY ASSURANCE ANALYST,Certified Software Quality Analyst (CSQA)
UI (USER INTERFACE) DESIGNER,Google UX Design Certificate
UI (USER INTERFACE) DESIGNER,Nielsen Norman Group UX Certification
TECHNICAL ACCOUNT MANAGER,AWS Certified Cloud Practitioner
TECHNICAL ACCOUNT MANAGER,Google Cloud Digital Leader
IT SALES EXECUTIVE,HubSpot Inbound Sales Certification
IT SALES EXECUTIVE,AWS Business Professional Accreditation
IT SALES DIRECTOR,Salesforce Sales Cloud Consultant
IT SALES DIRECTOR,Microsoft Certified: Dynamics 365 Sales Functional Consultant
TECHNOLOGY MANAGER,Certified Information Systems Security Professional (CISSP)
TECHNOLOGY MANAGER,ITIL 4 Managing Professional
TECHNOLOGY ASSISTANT,CompTIA IT Fundamentals+
TECHNOLOGY ASSISTANT,Microsoft Office Specialist (MOS)
TECHNOLOGY SPECIALIST,AWS Certified Solutions Architect
TECHNOLOGY SPECIALIST,Microsoft Certified: Azure Solutions Architect Expert
DIRECTOR ORACLE,Oracle Certified Master (OCM)
DIRECTOR ORACLE,Oracle Cloud Infrastructure Architect Professional
KNOWLEDGE MANAGER,Knowledge-Centered Service (KCS) Certification
KNOWLEDGE MANAGER,Certified Knowledge Manager (CKM)
MANAGER HARDWARE,CompTIA Server+
MANAGER HARDWARE,Cisco Certified Network Professional (CCNP)
SHAREPOINT MANAGER,Microsoft Certified: Power Platform Solution Architect
SHAREPOINT MANAGER,Microsoft 365 Certified: Teams Administrator Associate
REQUIREMENTS MANAGER,Certified Business Analysis Professional (CBAP)
REQUIREMENTS MANAGER,PMI Professional in Business Analysis (PMI-PBA)
IMPLEMENTATION DIRECTOR,PMP (Project Management Professional)
IMPLEMENTATION DIRECTOR,Certified SAFe 6 Agilist
TECHNOLOGY OFFICER,Certified Chief Information Security Officer (CCISO)
TECHNOLOGY OFFICER,ITIL 4 Strategic Leader
DIRECTOR BUSINESS SYSTEMS,Salesforce Certified Technical Architect
DIRECTOR BUSINESS SYSTEMS,Microsoft Certified: Dynamics 365 Fundamentals
MANAGER NET,Microsoft Certified: Azure Developer Associate
MANAGER NET,Microsoft Certified: Azure Solutions Architect Expert
SYSTEMS INTEGRATION MANAGER,TOGAF 9 Certified
SYSTEMS INTEGRATION MANAGER,Microsoft Certified: Azure Integration Architect
DIGITAL PROGRAM MANAGER,Agile Certified Practitioner (PMI-ACP)
DIGITAL PROGRAM MANAGER,Certified Scrum Product Owner (CSPO)
INTEGRATION DIRECTOR,IBM Certified Integration Architect
INTEGRATION DIRECTOR,AWS Certified Solutions Architect - Professional
DIRECTOR HARDWARE,Cisco Certified Design Expert (CCDE)
DIRECTOR HARDWARE,CompTIA Server+
MANAGER LINUX,Red Hat Certified Engineer (RHCE)
MANAGER LINUX,Linux Professional Institute Certification (LPIC-2)
MANAGER PHP,Zend Certified PHP Engineer
MANAGER PHP,Laravel Certification
FIRMWARE MANAGER,Certified Embedded Systems Engineer (CESE)
FIRMWARE MANAGER,Arm Certified Embedded Engineer
IT PROGRAM ENGAGEMENT DIRECTOR,PMP (Project Management Professional)
IT PROGRAM ENGAGEMENT DIRECTOR,ITIL 4 Strategic Leader
MANAGER UNIX,Red Hat Certified Engineer (RHCE)
MANAGER UNIX,Linux Professional Institute Certification (LPIC-2)
TECHNOLOGY ADOPTION MANAGER,AWS Certified Cloud Practitioner
TECHNOLOGY ADOPTION MANAGER,ITIL 4 Digital & IT Strategy
IT SUPPORT SPECIALIST,CompTIA A+
IT SUPPORT SPECIALIST,Microsoft 365 Certified: Modern Desktop Administrator Associate
CUSTOMER SERVICE REPRESENTATIVE,ITIL Foundation
CUSTOMER SERVICE REPRESENTATIVE,Google IT Support Professional Certificate
TECHNICAL PRODUCT MANAGER,Certified Scrum Product Owner (CSPO)
TECHNICAL PRODUCT MANAGER,Pragmatic Institute Certification
PROJECT MANAGER,PMP (Project Management Professional)
PROJECT MANAGER,Certified ScrumMaster (CSM)
PROGRAM MANAGER,PMI Program Management Professional (PgMP)
PROGRAM MANAGER,SAFe Program Consultant (SPC)
PORTFOLIO MANAGER,PMI Portfolio Management Professional (PfMP)
PORTFOLIO MANAGER,MoP (Management of Portfolios) Certification
CHIEF INFORMATION OFFICER (CIO),Certified Information Systems Security Professional (CISSP)
CHIEF INFORMATION OFFICER (CIO),Certified Chief Information Officer (CCIO)
CHIEF TECHNOLOGY OFFICER (CTO),TOGAF 9 Certified
CHIEF TECHNOLOGY OFFICER (CTO),AWS Certified Solutions Architect - Professional
IT DIRECTOR,ITIL 4 Managing Professional
IT DIRECTOR,Certified Information Security Manager (CISM)
TECHNICAL OPERATIONS OFFICER,ITIL 4 Leader: Digital & IT Strategy
TECHNICAL OPERATIONS OFFICER,AWS Certified DevOps Engineer - Professional
INFORMATION MANAGEMENT SYSTEMS DIRECTOR,Certified Information Systems Auditor (CISA)
INFORMATION MANAGEMENT SYSTEMS DIRECTOR,Data Management Association (DAMA) Certification
SENIOR IT CONSULTANT,Certified Management Consultant (CMC)
SENIOR IT CONSULTANT,Certified Information Systems Security Professional (CISSP)
TECHNICAL LEAD,AWS Certified Solutions Architect
TECHNICAL LEAD,Google Professional Cloud Architect
IT APPRENTICE,CompTIA IT Fundamentals+
IT APPRENTICE,Google IT Support Certificate
IT TECHNICIAN,CompTIA A+
IT TECHNICIAN,Microsoft 365 Certified: Modern Desktop Administrator Associate
IT SYSTEMS ADMINISTRATOR,Microsoft Certified: Azure Administrator Associate
IT SYSTEMS ADMINISTRATOR,Red Hat Certified System Administrator (RHCSA)
IT ENGINEER,AWS Certified Solutions Architect
IT ENGINEER,Cisco Certified Network Associate (CCNA)
COMPUTER NETWORK SPECIALIST,CompTIA Network+
COMPUTER NETWORK SPECIALIST,Cisco Certified Network Professional (CCNP)
COMPUTER AND INFORMATION RESEARCH SCIENTIST,Certified AI Engineer (CAE)
COMPUTER AND INFORMATION RESEARCH SCIENTIST,TensorFlow Developer Certificate
COMPUTER AND INFORMATION RESEARCH MANAGER,Google Machine Learning Engineer Certification
COMPUTER AND INFORMATION RESEARCH MANAGER,AWS Certified Machine Learning - Specialty
SOFTWARE DEVELOPMENT MANAGER,PMP (Project Management Professional)
SOFTWARE DEVELOPMENT MANAGER,Certified ScrumMaster (CSM)
SOFTWARE DEVELOPMENT ENGINEER,AWS Certified Developer
SOFTWARE DEVELOPMENT ENGINEER,Microsoft Certified: Azure Developer Associate
APPLICATION DESIGNER,Google UX Design Certificate
APPLICATION DESIGNER,Nielsen Norman Group UX Certification
APPLICATION ENGINEER,AWS Certified DevOps Engineer
APPLICATION ENGINEER,Google Cloud Professional Data Engineer
LEAD PROGRAMMER,Microsoft Certified: Azure Developer Associate
LEAD PROGRAMMER,Google Professional Cloud Developer
ITERATION MANAGER,SAFe 6 Agilist Certification
ITERATION MANAGER,Certified Scrum Professional (CSP)
WEBMASTER,Google Analytics Individual Qualification
WEBMASTER,HubSpot CMS for Developers Certification
UX/UI RESEARCHER,Nielsen Norman Group UX Certification
UX/UI RESEARCHER,Google UX Design Certificate
UX/UI SPECIALIST,Interaction Design Foundation (IDF) Certification
UX/UI SPECIALIST,HFI Certified Usability Analyst
ANIMATOR,Adobe Certified Professional (ACP) in After Effects
ANIMATOR,Toon Boom Harmony Certification
MOTION GRAPHICS ARTIST,Adobe Certified Professional (ACP) in Motion Graphics
MOTION GRAPHICS ARTIST,Cinema 4D Certification
2D ARTIST/ANIMATOR,Toon Boom Certified Artist
2D ARTIST/ANIMATOR,Autodesk SketchBook Certification
3D ARTIST/ANIMATOR,Autodesk Maya Certified Professional
3D ARTIST/ANIMATOR,Blender Cloud Certification
CHARACTER DESIGNER,Concept Art Academy Certification
CHARACTER DESIGNER,Schoolism Character Design Course
STORYBOARD ARTIST,Storyboard Pro Certification
STORYBOARD ARTIST,Animation Mentor Storyboarding Course
VFX ARTIST,Adobe Certified Professional in After Effects
VFX ARTIST,Autodesk Maya Certified User
RIGGING ARTIST,Autodesk Maya Certified Professional
RIGGING ARTIST,Houdini Certification (SideFX)
TECHNICAL ANIMATOR,Certified Technical Artist (Unity)
TECHNICAL ANIMATOR,Unreal Engine Technical Animator Certification
ART DIRECTOR,Adobe Certified Professional in Photoshop & Illustrator
ART DIRECTOR,Gnomon School of Visual Effects Certification
ANIMATION DIRECTOR,Toon Boom Harmony Certification
ANIMATION DIRECTOR,School of Motion Animation Bootcamp
VISUAL EFFECTS ANIMATOR,Autodesk Maya Certified Professional
VISUAL EFFECTS ANIMATOR,Nuke Certification (Foundry)
GRAPHIC EFFECTS SUPERVISOR,SideFX Houdini FX Certification
GRAPHIC EFFECTS SUPERVISOR,Autodesk 3ds Max Certification
FORENSIC ANIMATOR,Certified Forensic Video Technician (LEVA)
FORENSIC ANIMATOR,Blender Forensics Course
COMPOSITOR,Nuke Certified Artist (Foundry)
COMPOSITOR,Adobe Certified Professional in After Effects
EFFECTS TECHNICAL DIRECTOR (FX TD),SideFX Houdini FX Certification
EFFECTS TECHNICAL DIRECTOR (FX TD),Pixar's RenderMan Certification
LAYOUT ARTIST,Autodesk Maya Certified User
LAYOUT ARTIST,Concept Art Academy Certification
AI RESEARCHER,Google TensorFlow Developer Certificate
AI RESEARCHER,IBM AI Engineering Professional Certificate
AI SOFTWARE ARCHITECT,Microsoft Certified: Azure AI Engineer Associate
AI SOFTWARE ARCHITECT,AWS Certified Machine Learning - Specialty
BUSINESS INTELLIGENCE DEVELOPER,Microsoft Certified: Power BI Data Analyst
BUSINESS INTELLIGENCE DEVELOPER,Tableau Desktop Specialist
